,"Elec-SR","VdW-SR","Elec-LR","VdW-LR",sum_E,Expt_Kd
wild-Nd/Ang,-8783.4075,113.8512,815.695,40.4315,-7813.4298,4070
wild-Nd/Li,-10190.4975,211.0755,797.155,40.8267,-9141.4403,4070
D9H-Nd/Ang,-8555.1525,103.51035,831.62,36.979,-7583.04315,2150
D9H-Nd/Li,-9955.3475,178.128,843.9525,36.8072,-8896.4598,2150
D9M-Nd/Ang,-8370.85,113.487,800.3425,39.28,-7417.7405,1460
D9M-Nd/Li,-9660.945,157.5501,798.44,39.4845,-8665.4704,1460
D9A-Nd/Li,-10006.62,221.09,799.1525,37.65,-8948.7275,397
D9A-Nd/Ang,-8364.82,121.3325,808.6175,39.69,-7395.18,397
D9N-Nd/Ang,-8475.035,115.788,725.915,40.39,-7592.942,53.1
D9N-Nd/LI,-9809.465,164.2742,732.15,40.464,-8872.5768,53.1
wild-Ca,-6427.9075,-82.8812,801.5275,42.1087,-5667.1525,7.1